優先度,展開区分,都道府県,地域,会社名,業種,主力事業/商品,本社所在地,従業員数,売上規模,地元影響度,地元影響度の理由,AI研修ニーズ仮説,刺さる切り口,アプローチ先仮説,紹介経路仮説,初回メール切り口,公式URL,情報ソースURL,メモ
A,静岡ドミナント,静岡県,浜松市,スズキ株式会社,自動車・二輪製造,軽自動車・二輪車・船外機,浜松市中央区高塚町,約16000名(単体),約5兆円(連結),中,浜松経済の中核。創業家・鈴木家の地域影響力大、上場大手だが浜松ブランドの象徴で県内サプライヤー網への波及力極大,営業企画・人事・購買・知財・広報の生成AI研修、グローバル翻訳、社内ナレッジ検索,Tier1〜2サプライヤー巻き込み型のAI教育プログラム、間接部門生産性向上,人事部・経営企画部・浜松地区サプライヤー企画部,浜松商工会議所、静岡銀行、SBS,「静岡県内大手で進む生成AI活用」事例として導入要点をご共有,https://www.suzuki.co.jp/,https://www.suzuki.co.jp/about/,浜松の象徴。直接決裁は重いがサプライヤー網への影響大
A,静岡ドミナント,静岡県,磐田市,ヤマハ発動機株式会社,輸送用機器,二輪車・船外機・産業用ロボット,磐田市新貝,約11000名(単体),約2兆4000億円(連結),中,磐田の経済中核。地元雇用・スポーツ・地域ブランドの象徴,グローバル翻訳・営業資料・社内ナレッジ・知財業務のAI活用,「製造業×AI研修」のリファレンス顧客化,人事部・経営企画・DX推進部,磐田商工会議所、静岡銀行,グローバル製造業の生成AI現場活用ご紹介,https://global.yamaha-motor.com/jp/,https://global.yamaha-motor.com/jp/about/,磐田象徴企業
A,静岡ドミナント,静岡県,浜松市,ヤマハ株式会社,楽器・音響機器,ピアノ・電子楽器・音響機器,浜松市中央区中沢町,約7000名(単体),約4500億円(連結),中,浜松の楽器産業発祥・象徴。創業地ブランド,海外ローカライズ・カスタマーサポート・販促・人事AI,グローバルブランドのコンテンツ生成AI活用,広報・人事・販促部・カスタマーサクセス,浜松商工会議所、SBS,グローバル消費財ブランドのAIコンテンツ事例,https://www.yamaha.com/ja/,https://www.yamaha.com/ja/about/,浜松象徴
A,静岡ドミナント,静岡県,浜松市,株式会社河合楽器製作所,楽器・音響,ピアノ・電子ピアノ,浜松市中央区寺島町,約2500名(単体),約700億円,中,浜松ピアノ二大ブランドの一翼。創業家・河合家,販促・カスタマーサポート・人事・採用のAI活用,楽器メーカーのデジタル接客×AI,販促部・人事部,浜松商工会議所、静岡銀行,音楽×AIの顧客接点強化提案,https://www.kawai.co.jp/,https://www.kawai.co.jp/company/,浜松象徴
A,静岡ドミナント,静岡県,浜松市,浜松ホトニクス株式会社,光技術・電子,光半導体・産業/医療用光源,浜松市中央区市野町,約5500名(連結),約2400億円,中,浜松の研究開発拠点の象徴。創業家・晝馬家,研究開発の文献解析・特許AI・社内ナレッジ検索・英文業務AI,「研究開発×生成AI」のR&D生産性向上提案,研究開発企画・知財部・人事部,浜松商工会議所、静岡銀行,R&D×生成AIの先進事例ご紹介,https://www.hamamatsu.com/jp/ja.html,https://www.hamamatsu.com/jp/ja/our-company.html,研究開発色強い豪族
A,静岡ドミナント,静岡県,静岡市,スター精密株式会社,精密機械,POSプリンタ・自動旋盤・精密部品,静岡市駿河区中吉田,約1900名(連結),約700億円,中,静岡の精密機械中堅。海外売上比率高い,英文ドキュメント・営業資料・カスタマーサポートAI,「海外売上比率の高い静岡製造業×AI」事例化,営業本部・人事・経営企画,静岡商工会議所、静岡銀行,海外向け技術ドキュメントのAI生成事例,https://www.star-m.jp/,https://www.star-m.jp/corp/,静岡市の有力中堅
A,静岡ドミナント,静岡県,富士市,ジヤトコ株式会社,自動車部品,オートマチックトランスミッション(CVT),富士市今泉,約8000名,約4000億円,低,日産系列で意思決定本社依存。ただし富士の雇用中核,品証文書・技術文書・教育コンテンツのAI生成,グローバル製造業現場のAI教育パッケージ,人事・教育・品証部門,富士商工会議所、静岡銀行,製造業現場社員向け生成AIリテラシー研修提案,https://www.jatco.co.jp/,https://www.jatco.co.jp/about/,日産系列のため直接決裁は弱い
A,静岡ドミナント,静岡県,浜松市,株式会社エフ・シー・シー,自動車部品,二輪・四輪用クラッチ,浜松市浜名区,約9000名(連結),約1500億円,中,浜松発の上場部品メーカー、海外売上比率高い,英文業務・営業資料・品証文書AI、人事採用AI,浜松Tier1のAI内製化支援,人事・営業企画・経営企画,浜松商工会議所、静岡銀行,グローバル部品メーカーのAI活用事例,https://www.fcc-net.co.jp/,https://www.fcc-net.co.jp/company/,浜松Tier1の代表
A,静岡ドミナント,静岡県,浜松市,株式会社エンシュウ,工作機械・自動車部品,工作機械・自動車部品,浜松市中央区高塚町,約700名,約400億円,中,浜松の老舗工作機械メーカー。スズキ系の歴史,営業見積・技術資料・採用のAI支援,工作機械×AIで競争力強化,営業本部・経営企画・人事,浜松商工会議所、静岡銀行,工作機械×AIの提案資料生成事例,https://www.enshu.co.jp/,要確認,浜松機械
A,静岡ドミナント,静岡県,富士市,富士工業株式会社,住宅設備機器,レンジフード(国内シェア最大級),富士市瓜島町,約700名(単体),不明,高,富士発のニッチトップメーカー。創業家系で創業地ブランド,EC・カスタマーサポート・営業・採用のAI活用,ニッチトップB2BのAI営業強化,営業・販促・人事部,富士商工会議所、静岡銀行,富士発の隠れた優良メーカー向けAI活用提案,https://www.fujioh.com/,要確認,富士市の代表
A,静岡ドミナント,静岡県,富士宮市,日本プラスト株式会社,自動車部品,エアバッグ・ステアリングホイール・内装,富士宮市山宮,約4500名(連結),約800億円,中,富士宮の上場部品メーカー,品証文書・教育・採用のAI活用,製造業現場×生成AI研修,人事・教育・品証,富士宮商工会議所、静岡銀行,部品メーカーAI研修プログラム提案,https://www.nipp.co.jp/,https://www.nipp.co.jp/company/,富士宮代表
A,静岡ドミナント,静岡県,静岡市,株式会社静甲,包装機械・産業機械,包装機械・酒類充填機,静岡市清水区天王西,約350名,不明,高,清水の老舗包装機械メーカー。BtoB志向,営業見積・カスタマーサポート・採用AI,BtoB機械商社的AIの活用,営業本部・経営企画,清水商工会議所、静岡銀行,BtoB機械メーカーのAI活用提案,https://www.seiko-net.co.jp/,要確認,清水機械中堅
A,静岡ドミナント,静岡県,静岡市,鈴与株式会社,総合物流・商社,港湾・物流・燃料・食品・航空(FDA),静岡市清水区入船町,約13000名(グループ),約5000億円(グループ),高,清水経済の象徴。鈴木家の創業家経営、地元政財界の中心,グループ全体の社内AI活用、営業・人事・経理・物流現場のAI,グループ全体のAI内製化支援、子会社展開,経営企画・DX推進・人事部,清水商工会議所、静岡銀行、SBS,清水発・グループ横断のAI内製化事例提案,https://www.suzuyo.co.jp/,https://www.suzuyo.co.jp/company/,清水豪族の代表格
A,静岡ドミナント,静岡県,静岡市,株式会社TOKAIホールディングス,エネルギー・通信・住生活,LPガス・都市ガス・CATV・宅配水,静岡市葵区常磐町,約5500名(連結),約2200億円,中,静岡発の上場エネルギー大手。地域インフラの中核,コールセンター・営業・販促・人事のAI活用,地域インフラ事業者のAI顧客対応強化,DX推進部・コールセンター・人事部,静岡商工会議所、静岡銀行,地域インフラ×AI顧客接点の事例提案,https://www.tokaiholdings.co.jp/,https://www.tokaiholdings.co.jp/company/,静岡市の中核
A,静岡ドミナント,静岡県,浜松市,浜松倉庫株式会社,物流・倉庫,営業倉庫・3PL,浜松市中央区,約300名,不明,高,浜松物流の中堅。地元荷主との関係深い,営業・WMS連携文書・採用AI,物流中堅のAI業務効率化,営業本部・経営企画,浜松商工会議所,物流×AIの業務効率化提案,要確認,要確認,要確認: 公式URL要照合
A,静岡ドミナント,静岡県,静岡市,株式会社静岡銀行,地方銀行,法人融資・個人金融,静岡市葵区呉服町,約2700名,経常収益約1700億円,中,静岡県内最大の地銀。県内ほぼ全企業との取引,行員向けAIリテラシー研修、法人営業向けAI提案資料,「地銀×AI」連携モデルで取引先紹介経路化,人事部・法人営業推進・DX推進,静岡県・静岡県内産業界,地銀の取引先AI支援パッケージ共同提案,https://www.shizuokabank.co.jp/,https://www.shizuokabank.co.jp/company/,紹介経路化の最重要候補
A,静岡ドミナント,静岡県,沼津市,スルガ銀行株式会社,地方銀行,個人ローン・法人金融,沼津市通横町,約1500名,経常収益約700億円,中,沼津発の地銀。県東部の経済中核,行員AIリテラシー研修、コンプラ・与信文書AI,「地銀再生×AI」連携提案,人事部・DX推進,沼津商工会議所,地銀の業務AI化事例ご紹介,https://www.surugabank.co.jp/,https://www.surugabank.co.jp/surugabank/,東部地銀
A,静岡ドミナント,静岡県,静岡市,株式会社清水銀行,地方銀行,法人融資・個人金融,静岡市清水区富士見町,約800名,経常収益約200億円,中,清水・東部に強い地銀。鈴与グループ等地元中堅の主取引銀行,行員AI研修・法人営業向けAI,清水経済圏での企業紹介経路化,人事部・法人営業,清水商工会議所、鈴与グループ,清水経済圏×AIの取引先支援パッケージ,https://www.shimizubank.co.jp/,https://www.shimizubank.co.jp/company/,清水拠点の地銀
A,静岡ドミナント,静岡県,浜松市,浜松いわた信用金庫,信用金庫,中小企業金融,浜松市中央区,約1300名,不明,高,浜松・磐田地域の中小企業に最も密着する信金,職員AI研修・取引先AI支援セミナー,信金×AIで地域中小企業のDX伴走モデル化,理事長・人事部・地域連携室,浜松商工会議所、JC,信金の取引先支援AIプログラムご提案,https://www.hamamatsuiwata-shinkin.jp/,要確認,中小紹介経路の本命
A,静岡ドミナント,静岡県,焼津市,しずおか焼津信用金庫,信用金庫,中小企業金融,静岡市葵区呉服町,約1200名,不明,高,静岡中部の中小企業に密着,信金職員AI研修・地域企業向けAIセミナー,中小取引先紹介経路化,理事長・地域連携・人事部,静岡・焼津商工会議所,中小企業向けAI伴走モデル提案,https://www.shizuoka-yaizu-shinkin.co.jp/,要確認,要確認: 名称・URL照合
A,静岡ドミナント,静岡県,静岡市,株式会社静岡新聞社・静岡放送(SBS),メディア,新聞・テレビ・ラジオ・イベント,静岡市駿河区登呂,約1300名(連結),不明,高,静岡県を代表する地元メディア。県内政財界との関係極めて強い,記事執筆補助・編成・営業・採用のAI活用、地域企業向けAI啓発番組,「地元メディア×AI」共同セミナー・記事連携,コンテンツ局・営業局・経営企画,静岡県政財界、商工会議所,共同セミナー・地域企業AI事例特集の提案,https://www.at-s.com/,https://www.shizuokaonline.com/company.html,認知獲得・紹介経路の中核
A,静岡ドミナント,静岡県,浜松市,遠州鉄道株式会社,鉄道・流通・不動産,鉄道・バス・百貨店・住宅・自動車販売,浜松市中央区旭町,約1800名(単体),約1300億円(グループ),高,浜松経済圏「遠鉄グループ」の中核。創業家・斉藤家,グループ全社のAI内製化、駅・店舗オペレーションAI,「地域鉄道グループ×AI」のリファレンス化,経営企画・DX推進・人事部,浜松商工会議所、地元金融機関,遠鉄グループ全社AI研修プログラム提案,https://www.entetsu.co.jp/,https://www.entetsu.co.jp/corporate/,浜松経済圏の中核
A,静岡ドミナント,静岡県,静岡市,静岡鉄道株式会社,鉄道・流通・不動産,鉄道・バス・流通(しずてつストア)・不動産,静岡市葵区鷹匠,約1900名(単体),約1300億円(グループ),高,静岡経済圏「静鉄グループ」の中核,グループ全社AI内製化、店舗オペレーション・採用AI,「静鉄グループ×AI」のリファレンス化,経営企画・DX推進・人事部,静岡商工会議所、地元金融機関,静鉄グループ全社AI研修プログラム提案,https://www.shizutetsu.co.jp/,https://www.shizutetsu.co.jp/corporate/,静岡経済圏の中核
A,静岡ドミナント,静岡県,榛原郡川根本町,大井川鐵道株式会社,観光鉄道・観光,SL列車・観光事業,榛原郡川根本町,約100名,不明,高,川根の観光・地域経済の象徴,観光企画・多言語コンテンツ・SNS・運行情報AI,観光鉄道×AIインバウンド多言語化,代表・営業・販促,川根本町・島田商工会議所,観光×AIのインバウンド事例提案,https://daitetsu.jp/,要確認,観光鉄道地域代表
A,静岡ドミナント,静岡県,三島市,伊豆箱根鉄道株式会社,鉄道・観光・運輸,駿豆線・バス・観光船,三島市大場,約700名,約180億円,中,伊豆東部の鉄道・観光中核,観光・カスタマーサポート・販促のAI活用,伊豆観光×AIのインバウンド多言語化,営業・販促・経営企画,三島商工会議所、地元自治体,伊豆×AIインバウンド販促提案,https://www.izuhakone.co.jp/,https://www.izuhakone.co.jp/corporate/,伊豆東部観光の中核
A,静岡ドミナント,静岡県,浜松市,株式会社遠鉄百貨店,百貨店,百貨店業,浜松市中央区砂山町,約600名,約300億円,高,浜松随一の百貨店。遠鉄グループの顔,販促・接客・採用のAI活用、外商向けAI提案,百貨店外商×AIの提案資料DX,販促部・外商部・人事部,浜松商工会議所、地銀,百貨店外商×AI提案,https://www.entetsu-dept.co.jp/,要確認,浜松象徴
A,静岡ドミナント,静岡県,浜松市,株式会社杏林堂薬局,ドラッグストア,調剤・OTC・食品スーパー併売,浜松市中央区,約3500名,約900億円,高,静岡西部のドラッグストア最大手。創業家系で地元ブランド,販促・店舗運営・人事・採用のAI活用,小売チェーン×AIの店舗運営DX,販促部・人事部・店舗運営本部,浜松商工会議所、地銀,ドラッグストア×AI店舗運営提案,https://www.kyorindo.co.jp/,要確認,静岡西部代表
A,静岡ドミナント,静岡県,藤枝市,株式会社田子重,食品スーパー,食品スーパー(中部静岡),藤枝市,約1500名,不明,高,藤枝・志太地域の食品スーパー最大手。地元密着,販促・採用・店舗運営のAI活用、惣菜開発AI,地域食品スーパー×AIのDX,販促部・人事部,藤枝商工会議所、地銀,地域スーパー×AIの店舗DX提案,https://www.tagoju.co.jp/,要確認,中部静岡代表
A,静岡ドミナント,静岡県,富士市,株式会社マム,食品スーパー,食品スーパー・ディスカウント,富士市,約1500名,不明,高,東部静岡の地域スーパー,販促・店舗運営・採用のAI活用,地域スーパー×AIの店舗DX,販促部・人事部,富士商工会議所、地銀,地域スーパー×AIの店舗DX提案,要確認,要確認,要確認: 公式URL照合
A,静岡ドミナント,静岡県,静岡市,株式会社静鉄ストア(しずてつストア),食品スーパー,食品スーパー,静岡市駿河区,約2500名,約500億円,高,静岡鉄道グループの食品スーパー,販促・店舗運営・採用AI,スーパー×AIの店舗DX,販促部・人事部,静岡商工会議所、地銀,スーパー×AIの店舗DX,https://www.shizutetsu-store.co.jp/,要確認,静鉄グループ
A,静岡ドミナント,静岡県,富士市,株式会社マキヤ,小売・卸,業務スーパー・ディスカウント,富士市,約1700名(連結),約500億円,高,東部静岡の小売中堅。上場,販促・店舗運営・採用・人事AI,小売中堅×AI店舗DX,販促部・人事部,富士商工会議所、地銀,小売中堅×AIのDX提案,https://www.makiya.com/,要確認,東部静岡上場
A,静岡ドミナント,静岡県,沼津市,株式会社平成建設,建設・住宅,木造建築・大工育成,沼津市岡宮,約800名,約200億円,高,沼津発・全国注目の建設業。大卒大工採用で有名な秋元代表,人事・採用・教育コンテンツのAI、設計支援AI,建設業×AIの教育・採用DX,人事部・経営企画,沼津商工会議所、地銀,建設業×AI教育・採用支援の事例提案,https://heiseikensetu.co.jp/,https://heiseikensetu.co.jp/company/,沼津代表豪族
A,静岡ドミナント,静岡県,静岡市,木内建設株式会社,建設,土木・建築,静岡市葵区,約400名,約200億円,高,静岡の老舗ゼネコン(明治期創業),営業・見積・採用・人事のAI活用,中堅ゼネコン×AIのDX,経営企画・人事・営業,静岡商工会議所、静岡銀行,中堅ゼネコン×AI業務効率化提案,https://www.kiuchi.co.jp/,要確認,静岡老舗ゼネコン
A,静岡ドミナント,静岡県,三島市,株式会社加和太建設,建設・地域活性,土木・建築・地域プロジェクト,三島市,約350名,不明,高,三島の中堅建設。地域活性プロジェクト「みしまプラザホテル」等で全国的に有名,人事・採用・広報・地域活性プロジェクトのAI活用,「地域活性×AI」の先進事例化,経営企画・人事・地域事業部,三島商工会議所、地銀、内閣府地方創生,地域活性×AIのモデルケース提案,https://www.kawata-net.com/,要確認,三島地域活性
A,静岡ドミナント,静岡県,浜松市,社会福祉法人聖隷福祉事業団,医療・介護・福祉,病院・介護施設・保育・福祉,浜松市中央区住吉,約16000名,約1700億円,高,浜松発・国内最大級の社会福祉法人。医療介護の地域中核,医事文書・看護記録・採用・教育・コールセンターのAI活用,「医療介護×生成AI」のリファレンス化,経営企画・人事教育・情報システム,浜松商工会議所、聖隷ネットワーク,医療介護×AIの大規模リファレンス事例提案,https://www.seirei.or.jp/,https://www.seirei.or.jp/zaidan/,浜松最大級
A,静岡ドミナント,静岡県,静岡市,静岡県厚生農業協同組合連合会(JA静岡厚生連),医療,病院群,静岡市駿河区曲金,約3000名,約500億円,高,JA静岡系の医療法人連合。県内多拠点,医療事務・看護記録・採用・教育AI,「医療×AI」の地域モデル化,経営企画・人事・情報システム,静岡県農協、自治体,医療×AIの地域連携モデル提案,https://www.shizuoka-koseiren.or.jp/,要確認,JA系医療
A,静岡ドミナント,静岡県,静岡市,静岡県農業協同組合中央会・JA静岡経済連,農業・食品流通,農協統括・農産物流通,静岡市駿河区曲金,約1500名,流通額数千億円,高,県内農業の中核組織。茶・みかん・農産物流通を統括,農産物販促・営農指導・採用・教育のAI活用,「JA×AI」の県全域モデル化,JA中央会・経済連 経営企画,静岡県、商工会議所,JA×AIで県内農業の生産性向上提案,要確認,要確認,要確認: 法人区分の正式名要照合
A,静岡ドミナント,静岡県,御殿場市,株式会社時之栖,リゾート・観光・食品,御殿場高原リゾート・ビール・ハム,御殿場市神山,約1500名,約200億円,高,御殿場高原リゾートの中核企業。観光・食品の地域ブランド,販促・観光・EC・採用・人事のAI活用,リゾート×AIインバウンド観光販促,販促部・人事部・経営企画,御殿場商工会議所、地銀,御殿場×AI観光販促事例提案,https://www.tokinosumika.com/,https://www.tokinosumika.com/company/,御殿場代表
A,静岡ドミナント,静岡県,浜松市,株式会社くれたけホールディングス,ホテル,ビジネスホテルチェーン(くれたけイン),浜松市中央区,約500名,約100億円,高,浜松発・全国展開のビジネスホテル,販促・予約・カスタマーサポート・採用AI,「地方発ホテル×AI」のリファレンス化,販促部・予約センター・人事部,浜松商工会議所、地銀,ホテル×AI顧客接点強化提案,https://www.kuretake-inn.com/,要確認,浜松発ホテル
A,静岡ドミナント,静岡県,熱海市,株式会社ホテルニューアカオ,旅館・ホテル,熱海大型温泉ホテル,熱海市,約500名,不明,高,熱海観光の象徴的ホテル,販促・予約・多言語接客・採用AI,熱海観光×AIインバウンド,販促・予約・人事部,熱海商工会議所、地銀,熱海×AIインバウンド提案,https://www.newakao.co.jp/,要確認,熱海代表
A,静岡ドミナント,静岡県,伊東市,大東館,旅館,伊東温泉旅館,伊東市,約100名,不明,高,伊東温泉の老舗,販促・多言語接客・予約・採用AI,伊豆観光×AI,代表・販促,伊東商工会議所,伊豆温泉×AI提案,要確認,要確認,要確認
A,静岡ドミナント,静岡県,静岡市,はごろもフーズ株式会社,食品(水産・缶詰),シーチキン・缶詰・パスタソース,静岡市清水区島崎町,約1100名,約900億円,中,清水を象徴する食品大手。創業家後藤家、上場大手寄りだが地元色強い,販促・人事・購買・商品開発のAI活用,「シーチキン」販促DX・社内AI研修,販促部・経営企画・人事部,清水商工会議所、静岡銀行,清水代表企業向けAI研修事例提案,https://www.hagoromofoods.co.jp/,https://www.hagoromofoods.co.jp/company/,清水代表
A,静岡ドミナント,静岡県,浜松市,株式会社春華堂,食品(菓子),うなぎパイ・観光体験施設,浜松市中央区東美薗,約400名,約60億円,高,「うなぎパイ」の浜松ブランド。創業家経営、観光・地域経済との連動強い,販促・観光・採用・カスタマーサポートのAI活用,うなぎパイ×AIの観光・販促DX,販促部・観光事業部・人事部,浜松商工会議所、地銀,浜松ブランド×AI観光販促提案,https://www.shunkado.co.jp/,https://www.shunkado.co.jp/company/,浜松代表豪族
A,静岡ドミナント,静岡県,浜松市,株式会社ヤタロー,食品(菓子・パン),治一郎バウムクーヘン・業務用パン,浜松市中央区有玉南町,約700名,約100億円,高,「治一郎」ブランド。業務用パン強く地元雇用大,販促・EC・人事・営業のAI活用,治一郎ブランドのEC・販促AI支援,販促部・EC部・人事部・営業部,浜松商工会議所、静岡銀行,浜松ブランド×AI事例提案,https://www.yatarou.co.jp/,https://www.yatarou.co.jp/corporate/,浜松代表豪族
A,静岡ドミナント,静岡県,浜松市,株式会社三立製菓,食品(菓子),源氏パイ・カンパン・かにぱん,浜松市中央区中央,約300名,約100億円,高,大正期創業の浜松老舗菓子。ロングセラー多数,販促・SNS・新商品開発・採用AI,ロングセラーブランドのAIリブランディング,販促部・商品開発部・人事部,浜松商工会議所、地銀,浜松老舗×AI販促提案,https://www.sanritsuseika.co.jp/,https://www.sanritsuseika.co.jp/company/,浜松老舗
A,静岡ドミナント,静岡県,静岡市,株式会社田丸屋本店,食品(調味料・わさび),わさび漬・生わさび,静岡市葵区,約100名,不明,高,明治期創業のわさび老舗。観光土産・贈答の地域ブランド,販促・EC・観光・採用AI、輸出英語AI,わさび×AI多言語販促・採用支援,代表・販促部・営業部,静岡商工会議所、JETRO静岡,静岡代表ブランド×AI多言語提案,https://www.tamaruya.co.jp/,https://www.tamaruya.co.jp/company/,静岡代表
A,静岡ドミナント,静岡県,浜松市,株式会社知久屋,食品(惣菜・弁当),健康弁当・惣菜,浜松市中央区,約600名,約40億円,高,健康志向弁当の浜松地域チェーン,販促・人事・採用・店舗運営AI,健康志向ブランド×AIの販促・採用DX,代表・販促部・人事部,浜松商工会議所、地銀,健康弁当チェーン×AI提案,https://www.chikuya.co.jp/,要確認,浜松地域チェーン
A,静岡ドミナント,静岡県,浜松市,株式会社丸八ホールディングス(丸八真綿),寝具・健康関連,布団・寝具・健康関連商品,浜松市中央区篠ヶ瀬町,約2000名(グループ),約400億円,高,浜松発・国内布団販売最大級。地域雇用大,販促・カスタマーサポート・営業・採用AI,訪問販売・店舗×AIのトークスクリプト生成,販促部・営業部・人事部,浜松商工会議所、地銀,訪問販売チェーン×AI事例提案,https://www.maruhachi.co.jp/,要確認,浜松地域企業
A,静岡ドミナント,静岡県,焼津市,焼津水産化学工業株式会社,食品(調味料原料),水産・畜産エキス・調味料原料,焼津市小川新町,約400名,約200億円,中,焼津水産加工クラスタの中核。BtoB志向,研究開発・営業資料・品証文書のAI活用,「水産加工原料BtoB×AI」事例化,営業本部・研究開発部・経営企画,焼津商工会議所、静岡銀行,BtoB食品原料×AI提案,https://www.yaizu.com/,https://www.yaizu.com/company/,焼津水産クラスタ中核
A,静岡ドミナント,静岡県,沼津市,株式会社桃中軒,食品(駅弁・弁当),駅弁・仕出し・惣菜,沼津市,約200名,不明,高,沼津駅弁の老舗。鉄道・観光と一体,販促・観光連動・受発注AI、人事AI,駅弁×AIの観光連動販促,代表・営業・販促,沼津商工会議所、JR系,駅弁×AIインバウンド提案,https://www.tochuken.co.jp/,要確認,沼津駅弁
A,全国食品豪族,北海道,帯広市,有限会社六花亭製菓,菓子,マルセイバターサンド・ストロベリーチョコ,帯広市西2条南9丁目,約1500名,約200億円,高,十勝・帯広の代表企業。創業家小田家、地域文化への貢献大,販促・観光・採用・店舗運営・新商品開発のAI活用,十勝ブランド×AIの観光販促・採用,代表・販促部・人事部,帯広商工会議所、北海道銀行,十勝代表×AIブランド発信提案,https://www.rokkatei.co.jp/,https://www.rokkatei.co.jp/company/,北海道豪族代表
A,全国食品豪族,北海道,札幌市,石屋製菓株式会社,菓子,白い恋人・美冬,札幌市西区宮の沢,約700名,約180億円,高,北海道土産の代表。石水家経営,販促・観光・EC・人事・海外英語AI,白い恋人×AIインバウンド多言語化,販促部・経営企画・人事部,札幌商工会議所、北海道銀行,北海道土産×AI多言語提案,https://www.ishiya.co.jp/,https://www.ishiya.co.jp/company/,北海道豪族代表
A,全国食品豪族,北海道,札幌市,株式会社北菓楼,菓子,シュークリーム・開拓おかき,札幌市中央区,約500名,不明,高,道産ブランド菓子の有力,販促・観光・EC・人事AI,道産ブランド×AI観光販促,代表・販促部,札幌商工会議所、北海道銀行,北海道菓子×AI提案,https://www.kitakaro.com/,要確認,北海道菓子豪族
A,全国食品豪族,北海道,北広島市,株式会社ロイズコンフェクト,菓子(チョコレート),生チョコ・ポテトチップチョコ,北広島市,約2000名,約400億円,高,北海道チョコの代表。創業家経営、地域雇用大,販促・観光・EC・採用・海外英語AI,ロイズ×AI多言語販促・採用,代表・販促部・経営企画,北海道銀行、地域行政,ロイズ×AI多言語販促提案,https://www.royce.com/,https://www.royce.com/about/,北海道豪族
A,全国食品豪族,北海道,帯広市,株式会社柳月,菓子,三方六(バウムクーヘン),河東郡音更町,約500名,不明,高,十勝の代表的菓子,販促・観光・採用AI,十勝菓子×AI販促,代表・販促部,帯広商工会議所、北海道銀行,十勝×AI販促提案,https://www.ryugetsu.co.jp/,要確認,十勝有力
A,全国食品豪族,北海道,千歳市,株式会社もりもと,菓子・パン,ハスカップジュエリー・雪鶴,千歳市,約400名,不明,高,千歳の地域代表菓子・パン,販促・観光・EC・採用AI,千歳×AI観光販促,代表・販促部,千歳商工会議所,千歳×AI観光販促,https://morimoto-shop.com/,要確認,千歳代表
A,全国食品豪族,北海道,音更町,よつ葉乳業株式会社,乳製品,バター・チーズ・生クリーム,河東郡音更町,約1500名,約2000億円,高,北海道酪農を支える協同組合系,業務用営業・販促・人事・技術文書AI,乳業BtoB×AI提案資料生成,営業本部・人事部・経営企画,北海道銀行、ホクレン,乳業×AIの業務用営業提案,https://www.yotsuba.co.jp/,https://www.yotsuba.co.jp/corporate/,協同組合系豪族
A,全国食品豪族,北海道,函館市,カール・レイモン函館元町本店,食肉加工,ハム・ソーセージ,函館市元町,約100名,不明,高,函館土産代表のハム・ソーセージ,販促・観光・EC・採用AI,函館観光×AI販促,代表・販促,函館商工会議所,函館×AI提案,https://www.raymon.co.jp/,要確認,函館代表
A,全国食品豪族,青森県,八戸市,八戸缶詰株式会社,水産加工・缶詰,さば缶・いわし缶,八戸市河原木,約300名,不明,高,八戸水産缶詰の中核,販促・業務用営業・海外英語AI,八戸さば缶×AI海外発信,代表・営業部,八戸商工会議所、青森銀行,八戸水産×AI海外提案,https://www.hachikan.jp/,要確認,八戸水産代表
A,全国食品豪族,青森県,弘前市,株式会社ラグノオささき,菓子,気になるリンゴ・パティシエのりんごスティック,弘前市百石町,約400名,不明,高,弘前のりんご文化菓子の象徴,販促・観光・EC・採用AI,弘前×AI観光販促,代表・販促部,弘前商工会議所、青森銀行,弘前×AI提案,https://www.rag-s.com/,要確認,弘前代表
A,全国食品豪族,岩手県,盛岡市,株式会社岩手缶詰,缶詰,水産・野菜缶詰・OEM,盛岡市芋田,約300名,不明,高,岩手OEM缶詰の中核,業務用営業・品証・人事AI,OEM食品×AI業務効率化,営業本部・経営企画,岩手商工会議所、岩手銀行,OEM×AI業務提案,https://www.iwatekanzume.co.jp/,要確認,岩手OEM
A,全国食品豪族,岩手県,二戸市,株式会社小松製菓(巖手屋),菓子(南部煎餅),南部煎餅,二戸市石切所,約400名,不明,高,南部煎餅の代表,販促・観光・EC・採用AI,南部煎餅×AI観光販促,代表・販促部,二戸商工会議所、岩手銀行,南部煎餅×AI提案,https://www.iwateya.co.jp/,要確認,南部煎餅代表
A,全国食品豪族,宮城県,仙台市,株式会社菓匠三全,菓子,萩の月・ロワイヤルテラッセ,仙台市青葉区上愛子,約700名,約150億円,高,仙台銘菓「萩の月」の代表,販促・観光・EC・採用・人事AI,萩の月×AI観光販促,販促部・人事部,仙台商工会議所、七十七銀行,仙台×AI観光販促提案,https://www.sanzen.co.jp/,https://www.sanzen.co.jp/company/,仙台代表豪族
A,全国食品豪族,宮城県,仙台市,株式会社阿部蒲鉾店,水産練り製品,笹かまぼこ,仙台市青葉区,約300名,不明,高,仙台笹かま代表(大正期創業),販促・観光・EC・採用AI,笹かま×AI観光販促,代表・販促部,仙台商工会議所、七十七銀行,仙台笹かま×AI提案,https://www.abekama.co.jp/,要確認,仙台代表
A,全国食品豪族,宮城県,牡鹿郡女川町,株式会社高政,水産練り製品,笹かま・揚げかまぼこ,牡鹿郡女川町,約100名,不明,高,女川の復興シンボル,販促・観光・EC・採用AI,女川×AI復興・観光販促,代表・販促,女川町、地銀,女川×AI観光販促,https://www.takamasa.net/,要確認,女川復興象徴
A,全国食品豪族,山形県,酒田市,株式会社平田牧場,食肉・ハム,三元豚・ハム・ソーセージ,酒田市みずほ,約700名,約300億円,高,庄内代表ブランド,販促・業務用営業・EC・採用AI,庄内豚×AI多言語販促,代表・販促部・営業部,酒田商工会議所、荘内銀行,庄内×AI提案,https://www.hiraboku.com/,https://www.hiraboku.com/company/,庄内代表豪族
A,全国食品豪族,山形県,米沢市,有限会社米沢牛黄木,食肉,米沢牛,米沢市館山,約100名,不明,高,米沢牛代表ブランド,販促・EC・観光・採用AI,米沢牛×AIブランド発信,代表・販促,米沢商工会議所、山形銀行,米沢牛×AI提案,https://www.yonezawagyu.jp/,要確認,米沢牛代表
A,全国食品豪族,秋田県,男鹿市,株式会社諸井醸造,醤油・調味料,しょっつる・醤油,男鹿市船川港船川,約30名,不明,高,秋田・男鹿の老舗醸造。しょっつる代表,販促・観光・EC・海外英語AI,しょっつる×AI多言語販促,代表,秋田商工会議所、秋田銀行,秋田醸造×AI提案,https://moroi-jozo.com/,要確認,秋田豪族
A,全国食品豪族,福島県,郡山市,株式会社三万石,菓子,ままどおる,郡山市本町,約400名,不明,高,福島代表銘菓,販促・EC・観光・採用AI,福島銘菓×AI販促,販促部,郡山商工会議所、東邦銀行,福島×AI観光販促,https://www.sanmangoku.co.jp/,要確認,福島豪族
A,全国食品豪族,福島県,会津若松市,株式会社太郎庵,菓子,会津の天神さま・和洋菓子,会津若松市町北町,約100名,不明,高,会津の有力菓子,販促・観光・EC・採用AI,会津×AI観光販促,代表・販促部,会津若松商工会議所、東邦銀行,会津×AI提案,https://www.tarouan.com/,要確認,会津代表
A,全国食品豪族,栃木県,宇都宮市,フタバ食品株式会社,アイス・食品,アイス・サクレ,宇都宮市中里町,約700名,不明,高,宇都宮のアイス・食品中核,販促・営業・EC・採用AI,アイス×AIのSNS販促,営業本部・販促部,宇都宮商工会議所、足利銀行,栃木×AI販促提案,https://www.futabafoods.co.jp/,要確認,栃木有力
A,全国食品豪族,群馬県,高崎市,株式会社原田(ガトーフェスタハラダ),菓子,グーテ・デ・ロワ(ラスク),高崎市新町,約1000名,約200億円,高,群馬代表菓子。創業家ハラダ家,販促・観光・EC・採用・人事AI,ラスク×AI観光販促,販促部・経営企画・人事部,高崎商工会議所、群馬銀行,高崎×AI観光販促提案,https://www.gateaufesta-harada.co.jp/,https://www.gateaufesta-harada.co.jp/company/,群馬代表豪族
A,全国食品豪族,埼玉県,本庄市,赤城乳業株式会社,アイス,ガリガリ君,本庄市児玉町,約700名,約500億円,高,「ガリガリ君」全国ブランド。創業家系で地域密着,販促・SNS・営業・採用AI,ガリガリ君×AIのSNS販促,販促部・経営企画,本庄商工会議所、地銀,ガリガリ君×AI事例ご紹介,https://www.akagi.com/,https://www.akagi.com/company/,本庄豪族
A,全国食品豪族,茨城県,水戸市,株式会社亀印製菓,和菓子,水戸の梅・吉原殿中,水戸市見和,約100名,不明,高,水戸の老舗銘菓,販促・EC・観光・採用AI,水戸×AI観光販促,代表・販促,水戸商工会議所、常陽銀行,水戸×AI提案,https://kameino.co.jp/,要確認,水戸代表
A,全国食品豪族,千葉県,銚子市,ヤマサ醤油株式会社,醤油・調味料,醤油・つゆ・酢,銚子市新生町,約1000名,約500億円,高,銚子の醤油老舗。創業家・濱口家、地域経済の中核,販促・営業・人事・採用・海外英語AI,醤油老舗×AI多言語販促,営業本部・経営企画・人事部,銚子商工会議所、千葉銀行,銚子代表×AI事例提案,https://www.yamasa.com/,https://www.yamasa.com/enjoy/about/,銚子代表豪族
A,全国食品豪族,千葉県,野田市,キッコーマン株式会社,醤油・調味料,キッコーマン醤油・つゆ・本みりん,野田市野田,約7500名(連結),約6000億円,中,世界的大手。野田の創業家(茂木家ほか)の地域影響力,販促・商品開発・人事・海外英語AI,キッコーマン×AI多言語ブランディング,経営企画・販促部・人事部,野田商工会議所、千葉銀行,キッコーマン×AI事例提案,https://www.kikkoman.com/,https://www.kikkoman.com/jp/corporate/,野田豪族
A,全国食品豪族,新潟県,長岡市,株式会社越後製菓,米菓・餅,ふんわり名人・生一番,長岡市呉服町,約700名,約300億円,高,長岡代表米菓。創業家経営,販促・営業・採用・人事AI,米菓×AI多言語販促,販促部・経営企画,長岡商工会議所、第四北越銀行,長岡×AI事例提案,https://www.echigoseika.co.jp/,https://www.echigoseika.co.jp/corporate/,長岡代表
A,全国食品豪族,新潟県,新潟市,亀田製菓株式会社,米菓,亀田の柿の種・ハッピーターン,新潟市江南区亀田工業団地,約4000名(連結),約1000億円,中,亀田家系の新潟代表,販促・商品開発・人事・海外英語AI,亀田×AI多言語販促,販促部・経営企画・人事部,新潟商工会議所、第四北越銀行,亀田×AI提案,https://www.kamedaseika.co.jp/,https://www.kamedaseika.co.jp/corp/,新潟代表
A,全国食品豪族,新潟県,南魚沼市,八海醸造株式会社,日本酒・発酵,八海山・麹甘酒,南魚沼市長森,約400名,約250億円,高,「八海山」全国区。地域経済・観光と一体,販促・観光・EC・採用・海外英語AI,八海山×AI多言語販促,経営企画・販促部・人事部,南魚沼商工会議所、第四北越銀行,八海山×AI多言語事例,https://www.hakkaisan.com/,https://www.hakkaisan.com/company/,新潟豪族
A,全国食品豪族,新潟県,柏崎市,株式会社ブルボン,菓子,ルマンド・アルフォート,柏崎市駅前,約3500名(連結),約1200億円,中,柏崎の菓子大手。創業家・吉田家,販促・商品開発・人事・採用AI,ブルボン×AI多言語販促,販促部・経営企画・人事部,柏崎商工会議所、第四北越銀行,ブルボン×AI事例,https://www.bourbon.co.jp/,https://www.bourbon.co.jp/corporate/,新潟豪族
A,全国食品豪族,長野県,長野市,株式会社八幡屋礒五郎,香辛料,七味唐辛子,長野市大門町,約100名,不明,高,善光寺門前町の七味老舗(江戸期創業),販促・観光・EC・採用・海外英語AI,七味×AI多言語販促,代表・販促部,長野商工会議所、八十二銀行,長野×AI七味多言語提案,https://www.yawataya.co.jp/,https://www.yawataya.co.jp/about/,長野代表
A,全国食品豪族,長野県,長野市,株式会社マルコメ,味噌・調味料,液みそ・糀甘酒・大豆ミート,長野市安茂里,約500名,約400億円,中,長野代表味噌。創業家・青木家,販促・商品開発・人事・採用・海外英語AI,味噌×AI多言語販促,販促部・経営企画・人事部,長野商工会議所、八十二銀行,味噌×AI提案,https://www.marukome.co.jp/,https://www.marukome.co.jp/company/,長野豪族
A,全国食品豪族,長野県,伊那市,ハナマルキ株式会社,味噌・調味料,即席みそ汁・液体塩こうじ,伊那市福島,約500名,不明,中,長野代表味噌,販促・商品開発・採用AI,即席みそ汁・塩こうじ×AI販促,販促部・経営企画,伊那商工会議所、八十二銀行,味噌×AI提案,https://www.hanamaruki.co.jp/,要確認,長野味噌豪族
A,全国食品豪族,長野県,松本市,株式会社開運堂,和菓子,信州銘菓,松本市中央,約200名,不明,高,松本銘菓老舗,販促・観光・EC・採用AI,松本×AI観光販促,代表・販促,松本商工会議所、八十二銀行,松本×AI提案,https://www.kaiundo.co.jp/,要確認,松本豪族
A,全国食品豪族,長野県,駒ヶ根市,養命酒製造株式会社,薬用酒・健康食品,養命酒・健康食品,駒ヶ根市赤穂,約400名,約100億円,中,健康食品関連の長野豪族,販促・人事・採用・海外英語AI,健康×AIブランディング,販促部・人事部,駒ヶ根商工会議所、八十二銀行,健康食品×AI提案,https://www.yomeishu.co.jp/,要確認,長野代表
A,全国食品豪族,山梨県,笛吹市,株式会社桔梗屋,菓子,桔梗信玄餅,笛吹市一宮町,約1500名,不明,高,「桔梗信玄餅」の山梨象徴ブランド,販促・観光・EC・採用・人事AI,桔梗信玄餅×AI観光販促,販促部・経営企画・人事部,甲府/笛吹商工会議所、山梨中央銀行,山梨代表×AI提案,https://www.kikyouya.co.jp/,https://www.kikyouya.co.jp/company/,山梨代表
A,全国食品豪族,山梨県,甲府市,株式会社シャトレーゼ,菓子,アイス・生菓子・和菓子,甲府市下今井町,約3000名(国内連結),約1000億円,中,甲府の菓子大手。創業家・齊藤家,販促・人事・採用・店舗・海外英語AI,シャトレーゼ×AI多言語販促,経営企画・販促部・人事部,甲府商工会議所、山梨中央銀行,シャトレーゼ×AI事例提案,https://www.chateraise.co.jp/,https://www.chateraise.co.jp/corporate/,山梨豪族
A,全国食品豪族,富山県,小矢部市,株式会社五郎丸屋,菓子,薄氷,小矢部市中央町,不明,不明,高,加賀藩献上菓子の流れの老舗,販促・観光・EC・海外英語AI,北陸老舗×AI多言語販促,代表,小矢部商工会議所、北陸銀行,北陸老舗×AI提案,https://www.usugoori.co.jp/,要確認,北陸老舗
A,全国食品豪族,石川県,金沢市,株式会社中田屋,和菓子,きんつば,金沢市東山,約100名,不明,高,金沢和菓子代表老舗,販促・観光・EC・採用AI,金沢×AI観光販促,代表・販促,金沢商工会議所、北國銀行,金沢×AI提案,https://www.kintuba.co.jp/,要確認,金沢豪族
A,全国食品豪族,石川県,金沢市,株式会社ヤマト醤油味噌,醤油・味噌,醤油・味噌・塩糀,金沢市大野町,約60名,不明,高,金沢発酵食老舗(明治期),販促・観光・EC・海外英語AI,発酵食×AI多言語販促,代表・販促,金沢商工会議所、北國銀行,金沢発酵×AI提案,https://www.yamato-soysauce-miso.co.jp/,要確認,金沢豪族
A,全国食品豪族,愛知県,半田市,ミツカングループ本社株式会社,酢・調味料,お酢・味ぽん・納豆,半田市中村町,約3500名(連結),約2500億円,中,世界大手だが本社半田で創業家(中野家)の地域影響大,販促・商品開発・人事・海外英語AI,ミツカン×AI多言語販促,経営企画・販促部・人事部,半田商工会議所、東海銀行系,ミツカン×AI事例提案,https://www.mizkanholdings.com/,https://www.mizkanholdings.com/company/,半田豪族
A,全国食品豪族,愛知県,岡崎市,合資会社八丁味噌(カクキュー),味噌,八丁味噌,岡崎市八帖町,約100名,不明,高,江戸期創業の岡崎八丁味噌代表,販促・観光・EC・海外英語AI,八丁味噌×AI多言語販促,代表・販促,岡崎商工会議所、岡崎信用金庫,八丁味噌×AI多言語提案,https://www.kakukyu.jp/,https://www.kakukyu.jp/company.asp,愛知豪族
A,全国食品豪族,愛知県,岡崎市,株式会社まるや八丁味噌,味噌,八丁味噌,岡崎市八帖町,約30名,不明,高,カクキューと並ぶ八丁味噌の一角,販促・観光・EC・海外英語AI,八丁味噌×AIインバウンド,代表,岡崎商工会議所,八丁味噌×AI提案,http://www.8miso.co.jp/,要確認,愛知豪族
A,全国食品豪族,愛知県,名古屋市,敷島製パン株式会社(Pasco),パン,Pasco食パン・菓子パン,名古屋市東区白壁,約4000名(連結),約1500億円,中,敷島家の名古屋豪族,販促・商品開発・人事・採用AI,Pasco×AI新商品開発,販促部・経営企画・人事部,名古屋商工会議所,Pasco×AI提案,https://www.pasconet.co.jp/,https://www.pasconet.co.jp/company/,名古屋豪族
A,全国食品豪族,三重県,桑名市,株式会社ヤマモリ,調味料・冷凍食品,タイカレー・丼の素・醤油,桑名市,約700名,約300億円,高,三重の調味料・レトルト中堅。創業家・三林家,販促・商品開発・人事・採用・海外英語AI,ヤマモリ×AI多言語販促,経営企画・販促部・人事部,桑名商工会議所、百五銀行,ヤマモリ×AI提案,https://www.yamamori.co.jp/,https://www.yamamori.co.jp/company/,三重豪族
A,全国食品豪族,三重県,伊勢市,株式会社赤福,和菓子,赤福餅,伊勢市宇治中之切町,約1000名,約100億円,高,伊勢代表和菓子。創業家・濱田家、地域経済・観光の象徴,販促・観光・EC・人事・海外英語AI,赤福×AIインバウンド,代表・販促部・人事部,伊勢商工会議所、三十三銀行,赤福×AI事例提案,https://www.akafuku.co.jp/,https://www.akafuku.co.jp/company/,伊勢豪族
A,全国食品豪族,京都府,京都市,聖護院八ッ橋総本店,和菓子,八ッ橋・生八ッ橋,京都市左京区聖護院山王町,約300名,不明,高,京都八ッ橋老舗(江戸期),販促・観光・EC・海外英語AI,京都×AI観光販促,代表・販促,京都商工会議所、京都銀行,京都菓子×AI提案,https://www.shogoin.co.jp/,要確認,京都豪族
A,全国食品豪族,京都府,京都市,株式会社鼓月,和菓子,千寿せんべい,京都市伏見区下鳥羽,約700名,不明,高,京都贈答菓子の有力,販促・観光・EC・採用AI,京都銘菓×AI観光販促,代表・販促部,京都商工会議所、京都銀行,京都銘菓×AI提案,https://www.kogetsu.com/,要確認,京都豪族
A,全国食品豪族,京都府,京都市,株式会社満月(阿闍梨餅本舗),和菓子,阿闍梨餅,京都市左京区鞠小路通,約100名,不明,高,京都銘菓「阿闍梨餅」老舗,販促・観光・EC・海外英語AI,京都×AIインバウンド,代表,京都商工会議所、京都銀行,京都銘菓×AI提案,https://www.ajyarimochi.com/,要確認,京都豪族
A,全国食品豪族,京都府,宇治市,株式会社伊藤久右衛門,茶・菓子,宇治抹茶・抹茶スイーツ,宇治市莵道荒槇,約300名,不明,高,宇治抹茶の老舗・観光,販促・観光・EC・海外英語AI,宇治抹茶×AI多言語販促,代表・販促部,宇治商工会議所、京都銀行,宇治抹茶×AI提案,https://www.itohkyuemon.co.jp/,要確認,宇治豪族
A,全国食品豪族,京都府,宇治市,丸久小山園,抹茶,茶葉・抹茶パウダー,宇治市小倉町,不明,不明,高,宇治抹茶の代表的老舗,販促・EC・海外英語AI,抹茶×AI多言語化,代表,宇治商工会議所、京都銀行,抹茶×AI提案,https://www.marukyu-koyamaen.co.jp/,要確認,宇治抹茶
A,全国食品豪族,京都府,京都市,株式会社マールブランシュ,洋菓子,茶の菓,京都市北区,約500名,不明,高,京都洋菓子の有力ブランド,販促・観光・EC・採用AI,京都洋菓子×AIインバウンド,代表・販促部,京都商工会議所、京都銀行,京都×AI提案,https://www.malebranche.co.jp/,要確認,京都豪族
A,全国食品豪族,兵庫県,神戸市,株式会社カネテツデリカフーズ,水産練り製品,ほぼカニ・笹かまぼこ,神戸市東灘区青木,約700名,不明,高,神戸の練り物老舗,販促・商品開発・人事AI,「ほぼカニ」×AI販促,代表・販促部,神戸商工会議所,神戸練物×AI提案,https://www.kanetetsu.com/,要確認,神戸豪族
A,全国食品豪族,兵庫県,姫路市,株式会社ヤヱガキ食品(八重垣),調味料・酒,清酒・調味料,姫路市林田町,約400名,不明,高,播州老舗醸造,販促・営業AI,醸造×AI多言語化,代表・販促,姫路商工会議所、但馬銀行,播州×AI提案,https://www.yaegaki.co.jp/,要確認,兵庫豪族
A,全国食品豪族,兵庫県,たつの市,ヒガシマル醤油株式会社,醤油・調味料,うすくち醤油・うどんスープ,たつの市龍野町,約400名,約350億円,中,播州代表醤油老舗。創業家・浅井家,販促・商品開発・人事・海外英語AI,うどんスープ×AI多言語販促,販促部・経営企画・人事部,たつの商工会議所、但馬銀行,播州×AI事例,https://www.higashimaru.co.jp/,https://www.higashimaru.co.jp/company/,兵庫豪族
A,全国食品豪族,兵庫県,神戸市,株式会社モロゾフ,洋菓子,プリン・チョコレート,神戸市東灘区,約2000名(連結),約300億円,中,神戸洋菓子代表。創業家系,販促・人事・採用AI,神戸×AI観光販促,販促部・経営企画,神戸商工会議所,神戸×AI提案,https://www.morozoff.co.jp/,要確認,神戸豪族
A,全国食品豪族,兵庫県,神戸市,株式会社ユーハイム,洋菓子,バウムクーヘン,神戸市中央区港島中町,約1500名,約300億円,中,神戸洋菓子代表(大正期),販促・店舗・人事AI,神戸×AI多言語販促,販促部・経営企画,神戸商工会議所,神戸×AI提案,https://www.juchheim.co.jp/,要確認,神戸豪族
A,全国食品豪族,鳥取県,米子市,株式会社寿スピリッツ,菓子(土産菓子),因幡の白うさぎ・九十九島せんべい,米子市旗ヶ崎,約2300名(連結),約400億円,中,土産菓子大手。創業家・河越家,販促・観光・人事・採用AI,土産菓子×AI観光販促,販促部・経営企画・人事部,米子商工会議所、山陰合同銀行,寿スピリッツ×AI事例,https://www.kotobukispirits.co.jp/,https://www.kotobukispirits.co.jp/company/,鳥取豪族
A,全国食品豪族,島根県,松江市,株式会社彩雲堂,和菓子,若草・菜種の里,松江市天神町,約100名,不明,高,松江茶人文化和菓子(明治期),販促・観光・EC・採用AI,松江×AI観光販促,代表・販促,松江商工会議所、山陰合同銀行,松江×AI提案,https://www.saiundo.co.jp/,要確認,島根豪族
A,全国食品豪族,島根県,松江市,株式会社風流堂,和菓子,山川・朝汐,松江市寺町,約100名,不明,高,松江の和菓子老舗,販促・観光・ECのAI活用,松江×AI観光販促,代表,松江商工会議所、山陰合同銀行,松江×AI提案,https://www.furyudo.jp/,要確認,島根豪族
A,全国食品豪族,岡山県,赤磐市,株式会社宗家源吉兆庵,和菓子,陸の宝もの・福渡せんべい,赤磐市,約2000名,約300億円,中,岡山発の和菓子大手。創業家系,販促・人事・採用・海外英語AI,源吉兆庵×AI多言語販促,経営企画・販促部・人事部,岡山商工会議所、中国銀行,源吉兆庵×AI事例,https://www.kitchoan.co.jp/,要確認,岡山豪族
A,全国食品豪族,岡山県,岡山市,オハヨー乳業株式会社,乳製品,プリン・ヨーグルト,岡山市北区,約700名,約500億円,中,岡山本社の乳製品中堅。創業家系,販促・商品開発・人事AI,オハヨー×AI販促・採用,販促部・経営企画,岡山商工会議所、中国銀行,乳業×AI提案,https://www.ohayo-milk.co.jp/,要確認,岡山豪族
A,全国食品豪族,広島県,広島市,株式会社にしき堂,和菓子,もみじ饅頭,広島市東区光町,約400名,約100億円,高,広島土産代表「にしき堂」,販促・観光・EC・海外英語AI,広島×AIインバウンド,代表・販促部,広島商工会議所、広島銀行,広島×AI事例,https://www.nisikido.co.jp/,要確認,広島豪族
A,全国食品豪族,広島県,廿日市市,株式会社藤い屋,和菓子,もみじ饅頭,廿日市市宮島口,約300名,不明,高,宮島もみじ饅頭老舗,販促・観光・EC・海外英語AI,宮島×AIインバウンド,代表・販促,広島商工会議所、広島銀行,宮島×AI提案,https://www.fujiiya.co.jp/,要確認,広島豪族
A,全国食品豪族,広島県,広島市,オタフクソース株式会社,ソース・調味料,お好みソース・たこ焼ソース,広島市西区商工センター,約700名,約400億円,高,広島代表ソース。創業家・佐々木家,販促・営業・採用・人事・海外英語AI,お好みソース×AI多言語販促,販促部・経営企画・人事部,広島商工会議所、広島銀行,オタフク×AI事例,https://www.otafuku.co.jp/,https://www.otafuku.co.jp/corp/,広島代表豪族
A,全国食品豪族,山口県,下関市,株式会社林兼産業,水産加工,フィッシュソーセージ・業務用,下関市大和町,約700名,約500億円,中,下関水産大手,業務用営業・採用・人事AI,水産BtoB×AI業務効率化,営業本部・経営企画,下関商工会議所、山口銀行,下関水産×AI提案,https://www.hayashikane.co.jp/,要確認,山口豪族
A,全国食品豪族,香川県,坂出市,鎌田醤油株式会社,醤油・調味料,だし醤油,坂出市,約100名,不明,高,讃岐のだし醤油老舗,販促・観光・EC・海外英語AI,讃岐だし×AI多言語販促,代表・販促,坂出商工会議所、百十四銀行,讃岐×AI提案,https://www.kamada.co.jp/,要確認,香川豪族
A,全国食品豪族,愛媛県,四国中央市,株式会社ハタダ,和菓子,栗タルト・御栗タルト,四国中央市三島中央,約500名,不明,高,愛媛代表菓子,販促・観光・EC・海外英語AI,愛媛×AI観光販促,代表・販促,四国中央/松山商工会議所、伊予銀行,愛媛×AI提案,https://www.hatada.jp/,要確認,愛媛豪族
A,全国食品豪族,愛媛県,松山市,株式会社一六本舗,和菓子,一六タルト,松山市勝山町,約300名,不明,高,愛媛代表菓子,販促・観光・EC・海外英語AI,松山×AI観光販促,代表,松山商工会議所、伊予銀行,松山×AI提案,https://www.itm-gp.co.jp/,要確認,愛媛豪族
A,全国食品豪族,愛媛県,伊予市,株式会社マルトモ,鰹節・調味料,鰹節・だしパック,伊予市米湊,約400名,不明,高,愛媛鰹節大手(明治期),販促・営業・人事・海外英語AI,鰹節×AI業務用提案,営業本部・販促部,松山商工会議所、伊予銀行,鰹節×AI提案,https://www.marutomo.co.jp/,要確認,愛媛豪族
A,全国食品豪族,愛媛県,伊予市,ヤマキ株式会社,鰹節・調味料,鰹節・めんつゆ・白だし,伊予市米湊,約900名,約700億円,中,愛媛鰹節大手。創業家・城戸家,販促・営業・人事・海外英語AI,鰹節×AI多言語販促,販促部・経営企画・人事部,松山商工会議所、伊予銀行,ヤマキ×AI事例,https://www.yamaki.co.jp/,https://www.yamaki.co.jp/company/,愛媛豪族
A,全国食品豪族,和歌山県,有田市,株式会社早和果樹園,農産物・加工,有田みかんジュース・加工品,有田市,約100名,不明,高,有田みかんの代表生産加工,販促・EC・海外英語AI,みかんジュース×AI多言語販促,代表・販促,有田商工会議所、紀陽銀行,みかん×AI提案,https://www.sowakajuen.com/,要確認,和歌山豪族
A,全国食品豪族,福岡県,糟屋郡久山町,株式会社久原本家,調味料・出汁,茅乃舎だし・調味料,糟屋郡久山町大字久原,約900名,約400億円,高,「茅乃舎」福岡発。創業家・河邉家,販促・観光・EC・人事・海外英語AI,茅乃舎×AI多言語販促,代表・販促部・人事部,福岡商工会議所、福岡銀行,茅乃舎×AI事例,https://www.kayanoya.com/,https://www.kubarahonke.com/,福岡代表
A,全国食品豪族,福岡県,福岡市,株式会社如水庵,和菓子,博多銘菓,福岡市博多区博多駅前,約300名,不明,高,博多代表和菓子,販促・観光・EC・海外英語AI,博多×AI観光販促,代表,福岡商工会議所、福岡銀行,博多×AI提案,https://www.josuian.com/,要確認,福岡豪族
A,全国食品豪族,福岡県,福岡市,株式会社ふくや,辛子明太子,辛子明太子,福岡市中央区荒津,約600名,不明,高,博多明太子の元祖系。創業家・川原家,販促・観光・EC・海外英語AI,明太子×AI多言語販促,代表・販促部,福岡商工会議所、福岡銀行,明太子×AI事例,https://www.fukuya.com/,要確認,福岡代表
A,全国食品豪族,福岡県,福岡市,株式会社やまや,辛子明太子・食品,辛子明太子・惣菜,福岡市博多区東光,約2000名(連結),約500億円,中,博多明太子大手,販促・商品開発・人事・海外英語AI,明太子×AI多言語販促,販促部・経営企画・人事部,福岡商工会議所、福岡銀行,やまや×AI提案,https://www.shokuhin-yamaya.co.jp/,要確認,福岡豪族
A,全国食品豪族,佐賀県,佐賀市,株式会社村岡屋,和菓子,さが錦・丸ぼうろ,佐賀市鍋島町,不明,不明,高,佐賀銘菓老舗,販促・観光・EC・海外英語AI,佐賀×AI観光販促,代表,佐賀商工会議所、佐賀銀行,佐賀×AI提案,https://www.muraokaya.co.jp/,要確認,佐賀豪族
A,全国食品豪族,長崎県,長崎市,株式会社文明堂総本店,菓子,カステラ,長崎市江戸町,約300名,不明,高,長崎カステラ代表系(明治期),販促・観光・EC・海外英語AI,カステラ×AI多言語販促,代表・販促,長崎商工会議所、十八親和銀行,カステラ×AI事例,https://www.bunmeido-sohonten.co.jp/,要確認,長崎豪族
A,全国食品豪族,長崎県,長崎市,株式会社福砂屋,菓子,カステラ,長崎市船大工町,約300名,不明,高,長崎カステラ最古参(寛永期),販促・観光・EC・海外英語AI,カステラ×AIインバウンド,代表・販促,長崎商工会議所、十八親和銀行,カステラ×AI事例,https://www.fukusaya.co.jp/,要確認,長崎豪族
A,全国食品豪族,熊本県,熊本市,株式会社お菓子の香梅,和菓子,誉の陣太鼓,熊本市東区上南部,約500名,不明,高,熊本代表菓子,販促・観光・EC・人事AI,熊本×AI観光販促,代表・販促部,熊本商工会議所、肥後銀行,熊本×AI提案,https://www.kobai.jp/,要確認,熊本豪族
A,全国食品豪族,大分県,臼杵市,フンドーキン醤油株式会社,醤油・味噌・調味料,醤油・味噌・ドレッシング,臼杵市臼杵,約400名,約150億円,高,臼杵醸造老舗。創業家・小手川家、地域経済の中核,販促・営業・人事・海外英語AI,九州醤油×AI多言語販促,販促部・経営企画・人事部,臼杵商工会議所、大分銀行,フンドーキン×AI事例,https://www.fundokin.co.jp/,https://www.fundokin.co.jp/company/,大分代表豪族
A,全国食品豪族,大分県,臼杵市,フジジン株式会社(富士甚醤油),醤油・調味料,醤油・味噌・つゆ,臼杵市諏訪,約300名,不明,高,臼杵醸造老舗。フンドーキンと並ぶ,販促・営業・人事・海外英語AI,九州醤油×AI多言語販促,代表・販促部・人事部,臼杵商工会議所、大分銀行,フジジン×AI提案,https://www.fujijin.co.jp/,要確認,大分豪族
A,全国食品豪族,大分県,大分市,株式会社菊家,和菓子,ぷりんどら・和洋菓子,大分市畑中,約300名,不明,高,大分代表菓子,販促・観光・EC・採用AI,大分×AI観光販促,代表・販促,大分商工会議所、大分銀行,大分×AI提案,https://www.kikuya-oita.co.jp/,要確認,大分豪族
A,全国食品豪族,宮崎県,都城市,霧島酒造株式会社,焼酎,黒霧島・赤霧島,都城市志比田町,約700名,約500億円,高,九州焼酎代表。地域経済中核,販促・観光・海外英語AI・採用,焼酎×AI多言語販促,販促部・人事部,都城商工会議所、宮崎銀行,焼酎×AI事例,https://www.kirishima.co.jp/,要確認,焼酎大手豪族
A,全国食品豪族,鹿児島県,枕崎市,株式会社薩摩酒造,焼酎,さつま白波,枕崎市立神本町,約300名,不明,高,薩摩焼酎代表,販促・観光・海外英語AI,薩摩×AI多言語販促,代表・販促,鹿児島商工会議所、鹿児島銀行,薩摩×AI提案,https://www.satsuma.co.jp/,要確認,鹿児島豪族
A,全国食品豪族,沖縄県,中頭郡西原町,株式会社オキコ,パン・菓子,オキコパン・ジャーマンケーキ,中頭郡西原町,約500名,不明,高,沖縄県内パン菓子代表,販促・営業・採用AI,沖縄パン×AI販促,販促部・人事部,那覇商工会議所、沖縄銀行,沖縄パン×AI事例,https://www.okiko.co.jp/,要確認,沖縄豪族
A,全国食品豪族,沖縄県,中頭郡読谷村,株式会社御菓子御殿,沖縄菓子,紅いもタルト,中頭郡読谷村宇座,約300名,不明,高,沖縄観光菓子代表,販促・観光・EC・海外英語AI,沖縄観光×AIインバウンド,代表・販促,那覇商工会議所、沖縄銀行,沖縄観光菓子×AI提案,https://okashigoten.co.jp/,要確認,沖縄豪族
A,全国食品豪族,神奈川県,小田原市,株式会社鈴廣蒲鉾本店,水産練り製品,小田原かまぼこ,小田原市風祭,約500名,不明,高,小田原かまぼこ老舗代表,販促・観光・EC・海外英語AI,小田原×AIインバウンド,代表・販促,小田原商工会議所、横浜銀行,小田原×AI事例,https://kamaboko.com/,要確認,神奈川豪族
A,全国食品豪族,埼玉県,川越市,株式会社龜屋,和菓子,川越銘菓・芋菓子,川越市仲町,約100名,不明,高,川越観光代表和菓子,販促・観光・EC・採用AI,川越×AI観光販促,代表・販促,川越商工会議所、埼玉りそな,川越×AI提案,https://www.koedo-kameya.com/,要確認,埼玉豪族
A,全国食品豪族,岐阜県,中津川市,株式会社恵那寿や,和菓子,栗きんとん,中津川市,約100名,不明,高,中津川栗きんとん老舗,販促・観光・EC・採用AI,中津川×AI観光販促,代表,中津川商工会議所、十六銀行,中津川×AI提案,https://www.enasuya.com/,要確認,岐阜豪族
A,全国食品豪族,大阪府,堺市,株式会社小島屋,和菓子,けし餅,堺市堺区,不明,不明,高,堺の伝統菓子老舗(江戸期),販促・観光・EC・採用AI,堺×AI観光販促,代表,堺商工会議所、池田泉州銀行,堺×AI提案,https://www.keshimochi.com/,要確認,大阪豪族
A,全国食品豪族,長崎県,長崎市,株式会社岩崎本舗,食品(角煮まんじゅう),長崎角煮まんじゅう,長崎市,約100名,不明,高,長崎角煮まんじゅうの代表,販促・観光・EC・海外英語AI,長崎×AIインバウンド,代表,長崎商工会議所,長崎×AI提案,https://0806.jp/,要確認,長崎豪族
A,全国食品豪族,熊本県,熊本市,株式会社フジバンビ,菓子,黒糖ドーナツ棒,熊本市西区池亀町,約400名,不明,高,熊本菓子の有力,販促・観光・EC・採用AI,熊本×AI観光販促,代表・販促,熊本商工会議所、肥後銀行,熊本×AI提案,https://www.fujibambi.com/,要確認,熊本豪族
A,全国食品豪族,沖縄県,糸満市,株式会社オキハム(沖縄ハム総合食品),食肉加工・沖縄食品,ポーク・チャンプルー素材,糸満市西崎町,約400名,不明,高,沖縄食肉加工の有力,販促・営業・採用AI,沖縄食品×AI観光販促,代表・販促部,那覇商工会議所、沖縄銀行,沖縄食品×AI提案,https://www.okiham.co.jp/,要確認,沖縄豪族
A,全国食品豪族,長野県,小布施町,株式会社小布施堂,和菓子,栗菓子・栗ようかん,上高井郡小布施町,約100名,不明,高,小布施栗菓子の代表,販促・観光・EC・海外英語AI,小布施×AIインバウンド,代表・販促,小布施商工会、八十二銀行,小布施×AI提案,https://www.obusedo.com/,要確認,長野豪族
A,全国食品豪族,徳島県,徳島市,日新酒類株式会社,酒・調味料,清酒・本格焼酎・調味料,板野郡上板町,約100名,不明,高,徳島の地場酒類老舗,販促・観光・EC・採用AI,徳島×AI地酒販促,代表・販促,徳島商工会議所、阿波銀行,徳島地酒×AI提案,https://www.nishin-shurui.co.jp/,要確認,徳島豪族
A,全国食品豪族,大阪府,大阪市,株式会社青木松風庵,和菓子,月化粧,泉南郡岬町,約700名,不明,高,大阪南部の和菓子有力ブランド,販促・観光・EC・採用AI,大阪×AI観光販促,代表・販促部,大阪商工会議所、池田泉州銀行,大阪×AI提案,https://www.shofuan.co.jp/,要確認,大阪豪族
A,全国食品豪族,秋田県,湯沢市,株式会社雄勝野きむらや,漬物,いぶりがっこ,湯沢市岩崎,不明,不明,高,いぶりがっこ代表,販促・観光・EC・海外英語AI,いぶりがっこ×AI観光販促,代表,湯沢商工会議所、北都銀行,秋田漬物×AI提案,https://kimuraya.shop-pro.jp/,要確認,秋田豪族
A,全国食品豪族,広島県,尾道市,株式会社八天堂,菓子(クリームパン),くりーむパン,三原市本郷,約500名,約100億円,高,広島発のクリームパンブランド,販促・海外・採用・人事AI,八天堂×AI多言語販促,販促部・経営企画・人事部,広島商工会議所、広島銀行,八天堂×AI事例提案,https://hattendo.jp/,要確認,広島豪族
A,全国食品豪族,熊本県,人吉市,株式会社球磨焼酎酒造組合(連携先),焼酎,球磨焼酎,人吉市,組合員多数,不明,高,球磨焼酎産地組合。各蔵元への波及力大,各蔵元向けAI研修パッケージ,球磨焼酎×AI多言語販促,組合事務局・人吉商工会議所,人吉商工会議所、肥後銀行,球磨焼酎組合×AI提案,要確認,要確認,組合経由で蔵元への波及狙い
